NMI,ARI,ACC,HOM,COM,PUR
0.9346241,0.9388516,0.9791667,0.93311054,0.93614256,0.9791667
0.9767833,0.9820338,0.9930556,0.9782865,0.9752847,0.9930556
1.0,1.0,1.0,1.0,1.0,1.0
1.0,1.0,1.0,1.0,1.0,1.0
0.97658277,0.98210764,0.9930556,0.97566944,0.9774979,0.9930556
1.0,1.0,1.0,1.0,1.0,1.0
0.9471418,0.9482233,0.9791667,0.94186467,0.95247847,0.9791667
0.97659874,0.98205554,0.9930556,0.9773691,0.97582954,0.9930556
1.0,1.0,1.0,1.0,1.0,1.0
0.5017486,0.3946731,0.5555556,0.3782758,0.7448868,0.9375
1.0,1.0,1.0,1.0,1.0,1.0
1.0,1.0,1.0,1.0,1.0,1.0
1.0,1.0,1.0,1.0,1.0,1.0
1.0,1.0,1.0,1.0,1.0,1.0
1.0,1.0,1.0,1.0,1.0,1.0
1.0,1.0,1.0,1.0,1.0,1.0
1.0,1.0,1.0,1.0,1.0,1.0
0.9767833,0.9820338,0.9930556,0.9782865,0.9752847,0.9930556
0.9767561,0.9821293,0.9930556,0.9750996,0.97841823,0.9930556
0.9579679,0.9561565,0.9861111,0.9571942,0.9587428,0.9861111
0.95799035,0.95605016,0.9861111,0.9583214,0.95765954,0.9861111
0.9606062,0.96486807,0.9861111,0.9571942,0.96404266,0.9861111
1.0,1.0,1.0,1.0,1.0,1.0
0.9767561,0.9821293,0.9930556,0.9750996,0.97841823,0.9930556
0.95205265,0.96020734,0.9861111,0.950891,0.9532172,0.9861111
