-3.806945562362670898e+00,-5.438994884490966797e+00,3.960481405258178711e+00
-5.755341529846191406e+00,-5.363671302795410156e+00,4.134012699127197266e+00
-5.705899715423583984e+00,-5.327965736389160156e+00,4.158977508544921875e+00
-3.637542247772216797e+00,-3.643013000488281250e+00,5.602641105651855469e+00
-4.030514240264892578e+00,-3.922558546066284180e+00,5.413476467132568359e+00
-3.938522577285766602e+00,-3.906237125396728516e+00,5.472609043121337891e+00
-4.208806991577148438e+00,-4.140766143798828125e+00,5.264729976654052734e+00
-7.189127445220947266e+00,-3.922034263610839844e+00,1.942064285278320312e+00
-1.510464429855346680e+00,-4.426613807678222656e+00,6.201786518096923828e+00
-7.451727390289306641e-01,-3.604629516601562500e+00,6.365371704101562500e+00
-3.449996471405029297e+00,-4.628201484680175781e+00,5.196292877197265625e+00
-7.589624881744384766e+00,-3.453509569168090820e+00,1.395881533622741699e+00
-3.651508569717407227e+00,-3.626180171966552734e+00,5.592115879058837891e+00
-3.761806488037109375e+00,-5.447755336761474609e+00,3.982915401458740234e+00
-1.051266789436340332e+00,-4.150410652160644531e+00,6.298247814178466797e+00
-4.098969936370849609e+00,-3.970376253128051758e+00,5.378708362579345703e+00
-4.284150123596191406e+00,-4.202246665954589844e+00,5.137305736541748047e+00
-3.648684024810791016e+00,-3.633316755294799805e+00,5.608666419982910156e+00
-6.017481327056884766e+00,-5.684812545776367188e+00,4.837711334228515625e+00
-3.247577667236328125e+00,-4.407948493957519531e+00,5.221173763275146484e+00
-3.250386476516723633e+00,-4.387992858886718750e+00,5.215663909912109375e+00
-6.113917350769042969e+00,-5.623008251190185547e+00,4.843172073364257812e+00
-3.130197525024414062e+00,-4.391910076141357422e+00,4.973971366882324219e+00
-4.394652843475341797e+00,-2.969454526901245117e+00,5.590395450592041016e+00
-3.829307556152343750e+00,-5.461055278778076172e+00,3.930918693542480469e+00
-4.591680526733398438e+00,-3.737084865570068359e+00,4.984106063842773438e+00
-3.173352241516113281e+00,-3.847625970840454102e+00,3.998608589172363281e+00
-5.731400966644287109e+00,-5.352539539337158203e+00,4.176351070404052734e+00
-5.765461921691894531e+00,-5.357245922088623047e+00,4.033450603485107422e+00
-4.562965393066406250e+00,-4.426433086395263672e+00,4.928977012634277344e+00
-5.220021247863769531e+00,-5.392718315124511719e+00,4.769909858703613281e+00
-3.368085622787475586e+00,-4.584783077239990234e+00,5.188911437988281250e+00
-3.397625446319580078e+00,-4.250846862792968750e+00,5.242950439453125000e+00
-4.185093879699707031e+00,-4.115139961242675781e+00,5.288428306579589844e+00
-5.218134403228759766e+00,-6.270496368408203125e+00,5.067035675048828125e+00
-6.052515983581542969e+00,-5.644404888153076172e+00,4.841307163238525391e+00
-3.809582948684692383e+00,-5.398182392120361328e+00,4.010838508605957031e+00
-3.823496341705322266e+00,-5.409642696380615234e+00,3.673609256744384766e+00
-4.012273311614990234e+00,-3.974082946777343750e+00,5.352974414825439453e+00
-3.182746648788452148e+00,-4.423233985900878906e+00,5.132189273834228516e+00
-3.250972270965576172e+00,-4.401235103607177734e+00,5.250780105590820312e+00
-3.522900342941284180e-01,-3.999124050140380859e+00,6.434519767761230469e+00
-3.788390636444091797e+00,-5.453024864196777344e+00,3.929692745208740234e+00
-3.986202478408813477e-01,-3.229670524597167969e+00,6.953143119812011719e+00
-5.713309764862060547e+00,-5.333959102630615234e+00,3.805906772613525391e+00
-5.562741756439208984e+00,-6.293035030364990234e+00,4.627599716186523438e+00
-8.555208206176757812e+00,-2.553795337677001953e+00,3.642474412918090820e-01
-1.238635554909706116e-01,-3.951836824417114258e+00,6.607012748718261719e+00
-4.177961826324462891e+00,-4.156175136566162109e+00,5.185485363006591797e+00
-4.750201702117919922e+00,-4.332336425781250000e+00,4.753276824951171875e+00
-6.111958503723144531e+00,-5.615563869476318359e+00,4.844707965850830078e+00
-3.792417049407958984e+00,-3.706365585327148438e+00,4.781967163085937500e+00
-6.349676251411437988e-01,-3.277833938598632812e+00,6.930588722229003906e+00
-3.716876745223999023e+00,-5.610098361968994141e+00,3.707730770111083984e+00
-3.813451766967773438e+00,-5.463468074798583984e+00,3.920616865158081055e+00
-7.169540405273437500e+00,-3.911190271377563477e+00,1.950109481811523438e+00
-3.986670017242431641e+00,-3.838206768035888672e+00,4.729385375976562500e+00
-3.269686937332153320e+00,-4.398213863372802734e+00,5.234825134277343750e+00
-3.784863233566284180e+00,-5.433367729187011719e+00,3.993686437606811523e+00
-1.576900243759155273e+00,-4.448885917663574219e+00,6.194731712341308594e+00
1.315229088068008423e-01,-4.066206932067871094e+00,6.373407363891601562e+00
2.764270603656768799e-01,-4.402001380920410156e+00,6.556312561035156250e+00
-3.793286561965942383e+00,-5.433624744415283203e+00,4.026241302490234375e+00
4.806512296199798584e-01,-4.515029907226562500e+00,6.199233055114746094e+00
-4.865171432495117188e+00,-4.545835018157958984e+00,4.817397594451904297e+00
-5.257829666137695312e+00,-5.391659736633300781e+00,4.762436866760253906e+00
-8.278572082519531250e+00,-2.394738197326660156e+00,1.769386976957321167e-01
-3.803796291351318359e+00,-5.433185577392578125e+00,4.000231742858886719e+00
-3.249128341674804688e+00,-4.389433383941650391e+00,5.227580070495605469e+00
2.561540603637695312e-01,-4.420688629150390625e+00,6.469430923461914062e+00
-3.242896556854248047e+00,-4.389526367187500000e+00,5.245904922485351562e+00
-1.229235172271728516e+00,-4.220107078552246094e+00,5.817620277404785156e+00
1.282704770565032959e-01,-4.431568145751953125e+00,6.517003059387207031e+00
-1.490322113037109375e+00,-3.556563615798950195e+00,6.391466617584228516e+00
-3.239118337631225586e+00,-4.402811050415039062e+00,5.240568161010742188e+00
4.441312551498413086e-01,-4.694240093231201172e+00,6.267326831817626953e+00
-6.310849189758300781e-01,-3.267432689666748047e+00,6.944742202758789062e+00
-3.494238257408142090e-01,-4.052057266235351562e+00,6.451171398162841797e+00
-5.695096492767333984e+00,-5.322720050811767578e+00,4.172936916351318359e+00
-5.691951274871826172e+00,-5.328641891479492188e+00,4.164468765258789062e+00
-3.641434431076049805e+00,-3.627423286437988281e+00,5.604653358459472656e+00
6.436131894588470459e-02,-4.068256855010986328e+00,6.343400478363037109e+00
1.139137595891952515e-01,-4.074321269989013672e+00,6.375751972198486328e+00
-3.346897363662719727e+00,-4.577406406402587891e+00,5.188573837280273438e+00
-4.808722138404846191e-01,-3.983714818954467773e+00,6.489801883697509766e+00
-7.166517734527587891e+00,-3.919188976287841797e+00,1.965681672096252441e+00
2.848367094993591309e-01,-5.950868129730224609e+00,5.884842872619628906e+00
-5.072479844093322754e-01,-3.967872619628906250e+00,6.486677646636962891e+00
-9.647614359855651855e-01,-4.095048427581787109e+00,6.315864562988281250e+00
-2.658119440078735352e+00,-5.119355678558349609e+00,5.812091827392578125e+00
-4.377011775970458984e+00,-5.531241893768310547e+00,5.098479747772216797e+00
-3.992672204971313477e+00,-3.945463418960571289e+00,5.392745018005371094e+00
-8.872152328491210938e+00,-2.186702489852905273e+00,-4.516338109970092773e-01
-4.259835720062255859e+00,-4.206063270568847656e+00,5.169569969177246094e+00
-3.246093034744262695e+00,-4.409717082977294922e+00,5.229638099670410156e+00
-4.635369777679443359e+00,-3.387089967727661133e+00,5.075474739074707031e+00
-3.669513225555419922e+00,-3.595763444900512695e+00,5.597701549530029297e+00
-3.565655469894409180e+00,-4.038125038146972656e+00,5.446029663085937500e+00
-3.267802476882934570e+00,-4.390822410583496094e+00,5.209299564361572266e+00
-4.690803050994873047e+00,-5.824343681335449219e+00,4.979090690612792969e+00
-5.579021573066711426e-01,-3.516133546829223633e+00,6.814326763153076172e+00
-4.969671726226806641e+00,-4.432658672332763672e+00,4.738958835601806641e+00
-3.243126392364501953e+00,-4.401386260986328125e+00,5.227913856506347656e+00
-3.257385730743408203e+00,-4.392702102661132812e+00,5.220840454101562500e+00
-4.296510696411132812e+00,-5.896275043487548828e+00,5.270244121551513672e+00
-5.247016429901123047e+00,-3.840752601623535156e+00,2.908622264862060547e+00
-5.713595390319824219e+00,-5.327021598815917969e+00,4.140627384185791016e+00
-7.595312595367431641e+00,-3.663736820220947266e+00,2.321820259094238281e-01
-7.171832084655761719e+00,-3.913912057876586914e+00,1.981954336166381836e+00
-3.814861774444580078e+00,-5.381627082824707031e+00,3.978457212448120117e+00
-3.905811071395874023e+00,-6.618637084960937500e+00,2.605675458908081055e+00
-3.772229671478271484e+00,-5.456769466400146484e+00,3.914014816284179688e+00
-3.390614509582519531e+00,-3.580042600631713867e+00,4.245719909667968750e+00
5.513922125101089478e-02,-4.437951087951660156e+00,6.510526657104492188e+00
-3.807972431182861328e+00,-5.433198451995849609e+00,3.971781253814697266e+00
-3.789774417877197266e+00,-5.463521480560302734e+00,3.967292070388793945e+00
-3.333305120468139648e+00,-5.249150276184082031e+00,4.756464481353759766e+00
-2.623651027679443359e+00,-4.778250694274902344e+00,5.391879558563232422e+00
-3.806786060333251953e+00,-5.413991928100585938e+00,4.014517784118652344e+00
-3.228993415832519531e+00,-4.411000728607177734e+00,5.222390174865722656e+00
-4.695124149322509766e+00,-3.495028018951416016e+00,5.114995479583740234e+00
-6.170239448547363281e+00,-5.588960647583007812e+00,4.826208591461181641e+00
-3.336197614669799805e+00,-4.593387603759765625e+00,5.228619575500488281e+00
-5.752224445343017578e+00,-5.332705020904541016e+00,4.099463462829589844e+00
-4.624490261077880859e+00,-4.007559776306152344e+00,5.065897464752197266e+00
-4.599174499511718750e+00,-3.379470586776733398e+00,5.084523677825927734e+00
-6.317785263061523438e+00,-5.504690647125244141e+00,5.040883064270019531e+00
-3.678337812423706055e+00,-3.600874662399291992e+00,5.593585014343261719e+00
-3.662945985794067383e+00,-3.612977981567382812e+00,5.605460166931152344e+00
-4.743433475494384766e+00,-4.382060527801513672e+00,4.748200416564941406e+00
-4.134538769721984863e-01,-3.263309240341186523e+00,6.951176643371582031e+00
3.346180617809295654e-01,-4.813964366912841797e+00,6.202710151672363281e+00
-5.707695960998535156e+00,-5.321386814117431641e+00,4.164186954498291016e+00
-5.196251869201660156e+00,-4.791249752044677734e+00,4.329459667205810547e+00
-4.886007308959960938e+00,-4.314394474029541016e+00,4.705605506896972656e+00
-5.733843326568603516e+00,-5.336672306060791016e+00,4.121486186981201172e+00
-4.023533821105957031e+00,-3.959009170532226562e+00,5.413573741912841797e+00
8.773696422576904297e-02,-4.286351203918457031e+00,6.500513553619384766e+00
-4.298728466033935547e+00,-4.236268043518066406e+00,5.037664890289306641e+00
-4.818362236022949219e+00,-4.311558246612548828e+00,4.748881816864013672e+00
-2.399960756301879883e+00,-4.733572483062744141e+00,4.817479133605957031e+00
-1.095251068472862244e-01,-3.971973419189453125e+00,6.598893642425537109e+00
-3.776794910430908203e+00,-5.460286140441894531e+00,3.947177410125732422e+00
-3.789252519607543945e+00,-5.407595634460449219e+00,4.052071571350097656e+00
-4.018356800079345703e+00,-3.941669464111328125e+00,5.393098831176757812e+00
-3.803093910217285156e+00,-5.451159477233886719e+00,3.946998596191406250e+00
6.211806535720825195e-01,-5.070744514465332031e+00,5.970199584960937500e+00
-4.774853706359863281e+00,-4.437734127044677734e+00,4.760188102722167969e+00
-2.859291732311248779e-01,-3.853518247604370117e+00,6.468633174896240234e+00
-4.364123344421386719e+00,-5.440728664398193359e+00,4.985432147979736328e+00
-2.808715701103210449e-01,-3.897159576416015625e+00,6.374310493469238281e+00
-1.054899573326110840e+00,-4.120538711547851562e+00,6.308994770050048828e+00
-5.871045112609863281e+00,-5.134700775146484375e+00,3.835517406463623047e+00
-5.555328369140625000e+00,-6.265328407287597656e+00,4.630857944488525391e+00
-3.651351213455200195e+00,-3.628800868988037109e+00,5.600115299224853516e+00
-3.667619228363037109e+00,-3.606461048126220703e+00,5.587582588195800781e+00
-3.511535167694091797e+00,-4.712558746337890625e+00,5.193872451782226562e+00
-3.642253160476684570e+00,-3.619543075561523438e+00,5.602660179138183594e+00
5.328942537307739258e-01,-5.203186988830566406e+00,6.085399150848388672e+00
-3.671185493469238281e+00,-3.600876092910766602e+00,5.579256057739257812e+00
-3.660960197448730469e+00,-3.624255180358886719e+00,5.588495254516601562e+00
-3.640509843826293945e+00,-3.623696804046630859e+00,5.608935832977294922e+00
-3.647866487503051758e+00,-3.616930723190307617e+00,5.603976726531982422e+00
-3.660021305084228516e+00,-3.609004974365234375e+00,5.592472076416015625e+00
-2.550823241472244263e-02,-4.378024101257324219e+00,6.516704082489013672e+00
-4.385286808013916016e+00,-2.946487188339233398e+00,5.607873439788818359e+00
-4.579589843750000000e+00,-4.418145179748535156e+00,4.888591766357421875e+00
-3.827308654785156250e+00,-5.417551517486572266e+00,4.005059719085693359e+00
-3.963879108428955078e+00,-6.668739318847656250e+00,2.588236331939697266e+00
-3.766758441925048828e+00,-6.957438468933105469e+00,2.236047267913818359e+00
-4.632083892822265625e+00,-4.359721183776855469e+00,5.001291751861572266e+00
-4.677567958831787109e+00,-6.340788841247558594e+00,2.519089698791503906e+00
4.200560152530670166e-01,-5.931766033172607422e+00,5.877829551696777344e+00
-4.687585830688476562e+00,-6.218253612518310547e+00,2.417374134063720703e+00
-3.375190734863281250e+00,-3.078423261642456055e+00,4.330568313598632812e+00
-3.246423006057739258e+00,-4.407232284545898438e+00,5.231745719909667969e+00
-3.273562431335449219e+00,-4.409905433654785156e+00,5.274152755737304688e+00
-6.064409732818603516e+00,-5.331885337829589844e+00,3.747556924819946289e+00
-5.600633621215820312e+00,-5.455481529235839844e+00,3.908418178558349609e+00
-5.567587852478027344e+00,-6.329758644104003906e+00,4.696622848510742188e+00
2.291611909866333008e+00,-7.321756362915039062e+00,3.465595960617065430e+00
3.267858505249023438e+00,-8.653119087219238281e+00,2.215147256851196289e+00
-5.434377193450927734e+00,-6.290847301483154297e+00,4.967601776123046875e+00
-5.773613929748535156e+00,-5.455884456634521484e+00,4.246256351470947266e+00
-5.738439559936523438e+00,-5.353808403015136719e+00,4.120404243469238281e+00
-1.508383750915527344e+00,-4.439028263092041016e+00,6.196714878082275391e+00
-5.228772163391113281e+00,-6.243387222290039062e+00,5.072852134704589844e+00
-3.655115842819213867e+00,-3.619136095046997070e+00,5.590567111968994141e+00
-3.647556066513061523e+00,-3.626226425170898438e+00,5.605727195739746094e+00
-6.095903396606445312e+00,-5.675475597381591797e+00,4.880481719970703125e+00
6.700714677572250366e-02,-4.452271938323974609e+00,6.508897304534912109e+00
-3.634650707244873047e+00,-3.647406578063964844e+00,5.589694976806640625e+00
-3.642300367355346680e+00,-3.639624118804931641e+00,5.598489284515380859e+00
-3.637089967727661133e+00,-3.631177186965942383e+00,5.588167667388916016e+00
-3.984587192535400391e+00,-3.788307905197143555e+00,4.377257823944091797e+00
-3.652784585952758789e+00,-3.624891757965087891e+00,5.605621814727783203e+00
-4.566873550415039062e+00,-4.418181419372558594e+00,4.911758899688720703e+00
-2.254520356655120850e-01,-4.064384460449218750e+00,6.448288917541503906e+00
-3.663469552993774414e+00,-3.626677751541137695e+00,5.612889289855957031e+00
-2.404420614242553711e+00,-4.727844238281250000e+00,4.835978984832763672e+00
-6.108348369598388672e+00,-5.644559860229492188e+00,4.854069709777832031e+00
-3.784900426864624023e+00,-6.770448684692382812e+00,2.396834135055541992e+00
-2.230752944946289062e+00,-8.942320823669433594e+00,2.915484905242919922e-01
-5.589745998382568359e+00,-6.298978805541992188e+00,4.700076580047607422e+00
-8.185572624206542969e-01,-4.049478054046630859e+00,6.491856098175048828e+00
5.734573304653167725e-02,-4.430718421936035156e+00,6.500864028930664062e+00
-3.676131486892700195e+00,-3.598590373992919922e+00,5.585978031158447266e+00
