2.952925920486450195e+00,4.224734783172607422e+00,1.064757537841796875e+01
3.692219734191894531e+00,-3.797314882278442383e+00,1.059165287017822266e+01
4.091150760650634766e+00,-1.457016110420227051e+00,1.113692665100097656e+01
6.248351573944091797e+00,6.242212653160095215e-01,1.048279476165771484e+01
3.896695137023925781e+00,-1.466227889060974121e+00,1.122285938262939453e+01
6.099946022033691406e+00,1.296186208724975586e+00,1.054922485351562500e+01
3.362326622009277344e+00,3.963777780532836914e+00,1.070248317718505859e+01
1.137792396545410156e+01,-4.016433358192443848e-01,5.354115962982177734e+00
4.742418289184570312e+00,-2.061403989791870117e+00,1.088421440124511719e+01
1.489246845245361328e+00,-1.385230422019958496e+00,1.166363048553466797e+01
6.420060634613037109e+00,1.039890885353088379e+00,1.038082695007324219e+01
1.060754108428955078e+01,2.648189067840576172e+00,5.890780448913574219e+00
-5.453328609466552734e+00,-7.018968105316162109e+00,8.081473350524902344e+00
-8.046764135360717773e-02,-5.032899379730224609e+00,1.069012260437011719e+01
-6.106173992156982422e-01,-2.291302442550659180e+00,1.155873489379882812e+01
1.024687409400939941e+00,1.844831109046936035e-01,1.157945442199707031e+01
6.192324161529541016e+00,1.155571818351745605e+00,1.039335250854492188e+01
7.851565361022949219e+00,-2.679540157318115234e+00,8.620006561279296875e+00
-4.111919403076171875e+00,-2.139517307281494141e+00,1.117265796661376953e+01
2.327664613723754883e+00,-1.845579385757446289e+00,1.156705951690673828e+01
3.250693798065185547e+00,6.744931221008300781e+00,9.016619682312011719e+00
2.646723985671997070e+00,-2.025067806243896484e+00,1.148858451843261719e+01
8.063951492309570312e+00,2.045340061187744141e+00,9.045496940612792969e+00
1.663115143775939941e+00,1.273764729499816895e+00,1.156115245819091797e+01
8.890700340270996094e+00,-2.661889314651489258e+00,7.778966903686523438e+00
1.971864700317382812e+00,-4.630388736724853516e+00,1.062470912933349609e+01
-6.859228014945983887e-01,2.934334993362426758e+00,1.129083633422851562e+01
4.092607021331787109e+00,4.118478298187255859e+00,1.059160804748535156e+01
5.790927410125732422e+00,-1.985258460044860840e+00,1.051779460906982422e+01
-6.617724418640136719e+00,-1.135162711143493652e+00,9.692313194274902344e+00
5.458779335021972656e+00,-1.675107121467590332e+00,1.068123722076416016e+01
7.213552951812744141e+00,-1.767472505569458008e+00,9.444111824035644531e+00
-4.854784011840820312e+00,-6.039717674255371094e+00,9.179799079895019531e+00
4.162823677062988281e+00,2.765439510345458984e+00,1.092002296447753906e+01
3.731049597263336182e-01,1.694139122962951660e+00,1.168118286132812500e+01
-2.819667100906372070e+00,-5.576113224029541016e+00,1.005615425109863281e+01
-5.736035346984863281e+00,-4.057192802429199219e+00,9.924621582031250000e+00
1.782796025276184082e+00,8.255670547485351562e+00,7.376132011413574219e+00
3.501158237457275391e+00,2.975265979766845703e+00,1.096014690399169922e+01
-1.320232629776000977e+00,4.967342019081115723e-01,1.192332649230957031e+01
1.679497361183166504e+00,8.254583358764648438e+00,7.376457691192626953e+00
-4.311478137969970703e+00,1.180939316749572754e+00,1.121642112731933594e+01
1.356102347373962402e+00,3.162999153137207031e+00,1.120605659484863281e+01
-1.393936723470687866e-01,7.142959594726562500e+00,8.477699279785156250e+00
8.514360427856445312e+00,-1.375763297080993652e+00,8.688211441040039062e+00
6.347771644592285156e+00,-2.472126483917236328e+00,1.000775051116943359e+01
1.010223293304443359e+01,-1.184280872344970703e+00,7.051347732543945312e+00
3.898158788681030273e+00,4.272997379302978516e+00,1.055230426788330078e+01
4.013026714324951172e+00,4.746501445770263672e+00,1.019083690643310547e+01
2.456396579742431641e+00,1.653671503067016602e+00,1.140597438812255859e+01
5.274224758148193359e+00,2.029225587844848633e+00,1.080279827117919922e+01
7.224871158599853516e+00,-9.147807955741882324e-03,9.780753135681152344e+00
9.612984657287597656e+00,8.595257252454757690e-02,7.791799068450927734e+00
9.610350728034973145e-01,-2.362141132354736328e+00,1.164227581024169922e+01
3.118286848068237305e+00,-2.687813282012939453e+00,1.118926334381103516e+01
-4.455727100372314453e+00,-4.789102673530578613e-01,1.132424831390380859e+01
4.607991695404052734e+00,2.967844009399414062e+00,1.084775829315185547e+01
5.906869411468505859e+00,-6.258587837219238281e-01,1.060611629486083984e+01
